Student Name,Favorite Food
Linoel,Beef
Jdavie,Mushroom
Rochella,Pasta
Hymie,Soup
Jessy,Vegetable
Conway,Chicken
Stephan,Mushroom
Eachelle,Chicken
Hadrian,Chicken
Torrance,Soup
Jethro,Mushroom
Saleem,Beef
Nettle,Mushroom
Leonanie,Pasta
Kris,Lobster
Jemmie,Beef
Nikolaos,Pasta
Vinni,Mushroom
Vally,Lobster
Oralie,Mushroom
Reinaldo,Soup
Oliver,Pasta
Sutherlan,Soup
Dagny,Chicken
Drusilla,Vegetable
Jerrylee,Beef
Heloise,Mushroom
Leeland,Lobster
Gan,Mushroom
Pen,Vegetable
April,Chicken
Karlik,Mushroom
Ulric,Chicken
Tuck,Pasta
Cybill,Lobster
Arther,Pasta
Benedetta,Mushroom
Marcelo,Beef
Colver,Chicken
Loraine,Vegetable
Yevette,Lobster
Candida,Mushroom
Nell,Pasta
Cally,Soup
Ruby,Lobster
Lukas,Beef
Leticia,Lobster
Horton,Chicken
Hervey,Lobster
Bathsheba,Pasta
Mandie,Beef
Clara,Mushroom
Merralee,Soup
Elianore,Lobster
Wrennie,Lobster
Filide,Beef
Hy,Chicken
Mandy,Mushroom
Chlo,Lobster
Penn,Vegetable
Belva,Lobster
Sargent,Mushroom
Darby,Pasta
Mersey,Lobster
Quintana,Lobster
Ximenes,Pasta
Theodosia,Mushroom
Mervin,Vegetable
Ban,Chicken
Fletch,Pasta
Ellette,Vegetable
Karla,Mushroom
Peta,Beef
Lizbeth,Vegetable
Robbin,Pasta
Tades,Pasta
Ezra,Chicken
Gretel,Mushroom
Goldia,Soup
Cyndie,Vegetable
Margaretha,Mushroom
Eldridge,Beef
Sammie,Pasta
Ellene,Chicken
Zabrina,Mushroom
Brady,Lobster
Myrna,Vegetable
Dame,Beef
Jenifer,Pasta
Hilarius,Chicken
Jesselyn,Chicken
Patsy,Soup
Giselbert,Pasta
Wildon,Mushroom
Goddart,Chicken
Aubree,Chicken
Corrine,Beef
Marietta,Mushroom
Mady,Pasta
Alfy,Vegetable
Saundra,Pasta
Ty,Mushroom
Salvidor,Soup
Johnette,Mushroom
Aloise,Soup
Philomena,Mushroom
Ursula,Chicken
Abbott,Chicken
Berty,Chicken
Korie,Mushroom
Siana,Lobster
Toby,Lobster
Cyndia,Mushroom
Freddy,Mushroom
Kin,Mushroom
Ingelbert,Lobster
Faina,Chicken
Pauli,Lobster
Luke,Lobster
Wynne,Mushroom
Christen,Beef
Hildegaard,Mushroom
Brooks,Mushroom
Kristoffer,Mushroom
Enrico,Lobster
Anjela,Mushroom
Leupold,Mushroom
Aldus,Mushroom
Brigitta,Mushroom
Walliw,Pasta
Forester,Chicken
Hinze,Beef
Roxy,Mushroom
Marlow,Pasta
Ethan,Vegetable
Terrell,Beef
Brion,Lobster
Ulrike,Mushroom
Grayce,Chicken
Sherm,Mushroom
Vonny,Beef
Aleksandr,Lobster
Andrew,Vegetable
Elsey,Mushroom
Elbertine,Lobster
Calv,Chicken
Denny,Beef
Michel,Pasta
Florina,Vegetable
Sarita,Vegetable
Darin,Soup
Eugenia,Pasta
Jozef,Soup
Bobbie,Vegetable
Nick,Beef
Cassi,Soup
Sher,Vegetable
Bale,Soup
Ethan,Lobster
Gilly,Lobster
Fransisco,Mushroom
De witt,Vegetable
Bernice,Mushroom
Flossi,Lobster
Luciano,Pasta
Naoma,Pasta
Luisa,Beef
Oberon,Mushroom
Sly,Soup
Sheila,Chicken
Fax,Beef
Chris,Mushroom
Tomasine,Pasta
Verne,Mushroom
Janean,Mushroom
Filberte,Pasta
Brit,Soup
Sarajane,Pasta
Cami,Soup
Myriam,Mushroom
Thebault,Mushroom
Lonni,Soup
Salvatore,Vegetable
Konstance,Pasta
Liane,Lobster
Marylin,Vegetable
Nicolette,Mushroom
Thornie,Chicken
Dugald,Chicken
Dorine,Soup
Minda,Mushroom
Angelique,Vegetable
Maegan,Mushroom
Chryste,Vegetable
Bess,Mushroom
Tonya,Vegetable
Glynnis,Mushroom
Millie,Lobster
Binni,Beef
Asia,Mushroom
Marje,Pasta
Micheline,Lobster
Clotilda,Mushroom
Pippy,Mushroom
Lexis,Chicken
Huntley,Pasta
Jeremiah,Vegetable
Kalila,Pasta
Sallie,Pasta
Lenna,Beef
Marshall,Pasta
Rosanne,Pasta
Tybalt,Beef
Louie,Chicken
Ramsey,Pasta
Clive,Soup
Betta,Vegetable
Jana,Chicken
Bale,Mushroom
Emmeline,Chicken
Marena,Lobster
Peter,Mushroom
Evita,Vegetable
Crawford,Soup
Skipper,Vegetable
Marisa,Soup
Aguie,Lobster
Jorey,Soup
Giralda,Vegetable
Evelina,Mushroom
Glendon,Mushroom
Lezlie,Soup
Hanan,Lobster
Brandon,Mushroom
Ninnette,Vegetable
Constancia,Mushroom
Bald,Chicken
Traver,Mushroom
Pace,Vegetable
Van,Chicken
Fern,Lobster
Georgia,Vegetable
Desiri,Beef
Carmine,Lobster
Nerita,Vegetable
Armand,Beef
Jorey,Mushroom
Ron,Beef
Linoel,Mushroom
Vannie,Mushroom
Sioux,Chicken
Gerald,Mushroom
Adelice,Mushroom
Harwilll,Lobster
Cordell,Soup
Randee,Vegetable
Nadine,Mushroom
Haleigh,Pasta
Doll,Lobster
Eldon,Beef
Graeme,Vegetable
Bord,Chicken
Caren,Lobster
Amalie,Lobster
Gaston,Mushroom
Verene,Chicken
Anjanette,Mushroom
Nils,Soup
Dyann,Soup
Gerianne,Mushroom
Shawn,Mushroom
Niki,Pasta
Lenard,Vegetable
Rutherford,Mushroom
Lois,Vegetable
Fionnula,Vegetable
Therese,Mushroom
Hildagard,Beef
Sallie,Mushroom
Heath,Mushroom
Zorana,Vegetable
Ag,Vegetable
Tait,Pasta
Pembroke,Pasta
Chen,Chicken
Natale,Chicken
Merrielle,Mushroom
Jourdain,Mushroom
Brendis,Soup
Ignacio,Lobster
Shaughn,Soup
Braden,Chicken
Eustace,Vegetable
Lorianna,Pasta
Horst,Chicken
Conan,Mushroom
Morissa,Lobster
Maitilde,Mushroom
Nichol,Vegetable
Karleen,Mushroom
Shermy,Soup
Roddie,Chicken
Tasha,Beef
Doy,Vegetable
Kristofer,Vegetable
Bar,Pasta
Marji,Pasta
Heath,Mushroom
Ashien,Soup
Manya,Lobster
Clemmy,Chicken
Devondra,Chicken
Emili,Mushroom
Glen,Beef
Crichton,Vegetable
Tomasina,Mushroom
Patten,Vegetable
Arabelle,Soup
Tobey,Chicken
Gwendolin,Chicken
Farrand,Vegetable
Yanaton,Beef
Sherwynd,Beef
Rozele,Soup
Allyson,Beef
Gary,Soup
Robby,Mushroom
Gertrud,Mushroom
Waldemar,Mushroom
Garnet,Chicken
Gizela,Vegetable
Aldrich,Mushroom
Constancy,Mushroom
Felita,Pasta
Marie,Beef
Brandy,Chicken
Fredrika,Pasta
Riccardo,Chicken
Lola,Beef
Jackson,Chicken
Berenice,Mushroom
Job,Chicken
Tremayne,Lobster
Carroll,Vegetable
Dorelle,Vegetable
Janey,Chicken
Josee,Lobster
Dani,Beef
Elka,Mushroom
Nehemiah,Lobster
Betteanne,Chicken
Petr,Beef
Nevsa,Soup
Daile,Chicken
Maddy,Mushroom
Radcliffe,Lobster
Willie,Vegetable
Lawry,Lobster
Dannie,Soup
Ingeberg,Vegetable
Niall,Mushroom
Jori,Pasta
Lauri,Beef
Lizbeth,Pasta
Neron,Mushroom
Darby,Vegetable
Morena,Lobster
Erik,Lobster
Gennie,Soup
Trisha,Pasta
Alverta,Pasta
Kaine,Mushroom
Bunny,Lobster
Julienne,Pasta
Duke,Chicken
Gladi,Mushroom
Giuseppe,Chicken
Carmen,Soup
Weidar,Vegetable
Killy,Vegetable
Letitia,Soup
Lura,Mushroom
Corney,Lobster
Indira,Vegetable
Jeddy,Beef
Christoffer,Mushroom
Nanine,Mushroom
Nicolina,Pasta
Ellen,Mushroom
Les,Mushroom
Ursa,Beef
Annissa,Beef
Margeaux,Chicken
Alexina,Mushroom
Caron,Chicken
Prue,Soup
Anselma,Lobster
Vernon,Pasta
Kim,Beef
Hannis,Chicken
Robbi,Vegetable
Feodora,Mushroom
Cobb,Vegetable
Consalve,Vegetable
Willetta,Soup
Diann,Mushroom
Kiley,Beef
Georgetta,Chicken
Joshua,Chicken
Bendick,Vegetable
Gladi,Pasta
Kath,Lobster
Luca,Beef
Nye,Lobster
Kaiser,Mushroom
Michel,Lobster
Orv,Mushroom
Lu,Chicken
Sascha,Soup
Opaline,Pasta
Tadd,Lobster
Orion,Soup
Shoshanna,Mushroom
Rosaline,Mushroom
Brinna,Pasta
Gretel,Beef
Elianore,Lobster
Redd,Vegetable
Bethena,Mushroom
Jodie,Beef
Bettina,Pasta
Ferris,Beef
Avery,Pasta
Elyn,Soup
Jilly,Soup
Candie,Beef
Bernete,Pasta
Shannan,Beef
Pauline,Vegetable
Stefanie,Vegetable
Marge,Pasta
Sibbie,Mushroom
Raimondo,Chicken
Ruddie,Chicken
Aline,Pasta
Cammy,Lobster
Iver,Soup
Rosana,Pasta
Rikki,Mushroom
Tessie,Chicken
Jenilee,Pasta
Barnabas,Beef
Tito,Soup
Shaine,Soup
Leonora,Beef
Noach,Vegetable
Bevvy,Vegetable
Zorana,Mushroom
Hy,Lobster
Virginie,Soup
Shelden,Beef
Janeta,Chicken
Gigi,Soup
Arabella,Pasta
Chad,Mushroom
Lauryn,Pasta
Ronalda,Lobster
Glynda,Pasta
Carlin,Lobster
Billy,Mushroom
Deina,Lobster
Albrecht,Beef
Osmond,Pasta
Currey,Soup
Vivia,Pasta
Piggy,Vegetable
Hale,Mushroom
Henrik,Pasta
Godiva,Pasta
Gianni,Lobster
Clementina,Lobster
Robinson,Soup
Marijo,Beef
Haily,Beef
Gunther,Beef
Keefer,Mushroom
Joyce,Lobster
Megan,Beef
Alphard,Soup
Dru,Chicken
Olivie,Chicken
Cinderella,Lobster
Karola,Beef
Margret,Mushroom
Lucas,Soup
Mildred,Mushroom
Johanna,Pasta
Nalani,Mushroom
Emory,Pasta
Fannie,Soup
Nomi,Lobster
Sigfried,Beef
Orsa,Lobster
Gelya,Vegetable
Trixi,Vegetable
Idaline,Mushroom
Chick,Lobster
Alvina,Chicken
Vin,Beef
Michail,Mushroom
Kiley,Beef
Ora,Chicken
Marla,Beef
Sancho,Chicken
Kennie,Lobster
Tadio,Mushroom
Hephzibah,Lobster
Willie,Mushroom
Blanch,Lobster
Hayley,Mushroom
Malynda,Lobster
Donn,Vegetable
Bethany,Soup
Milo,Mushroom
Fancy,Mushroom
Chet,Vegetable
Corene,Pasta
Inge,Vegetable
Osbourn,Mushroom
Nikola,Beef
Leena,Vegetable
Karia,Soup
Sebastien,Mushroom
Veronika,Lobster
Amabel,Beef
Royal,Mushroom
Marquita,Beef
Gretel,Beef
Estella,Pasta
Freida,Mushroom
Zed,Vegetable
Rickie,Soup
Rosalia,Lobster
Bradley,Lobster
Reade,Soup
Torrance,Beef
Amery,Pasta
Rozina,Pasta
Reggie,Mushroom
Pavia,Soup
Mary,Pasta
Ranee,Soup
Barthel,Mushroom
Rey,Vegetable
Vernor,Pasta
Adan,Mushroom
Claudia,Vegetable
Nelle,Vegetable
Bail,Pasta
Chad,Beef
Elvyn,Soup
Lanie,Chicken
Leta,Lobster
Gabriel,Pasta
Kile,Soup
Legra,Soup
Isaak,Soup
Vernice,Vegetable
Daniele,Soup
Alasteir,Lobster
Rand,Soup
Dean,Lobster
Jonie,Mushroom
Aloysius,Chicken
,Soup
Janine,Pasta
Grier,Lobster
Rod,Mushroom
Glynnis,Mushroom
Ker,Soup
Thia,Vegetable
Shaylynn,Soup
Monti,Mushroom
Katinka,Beef
Jordain,Mushroom
Dal,Soup
Benedikt,Soup
Lela,Soup
Clive,Beef
Xerxes,Chicken
Aurilia,Soup
Pierce,Lobster
Trish,Mushroom
Ginelle,Mushroom
Issy,Chicken
Carlen,Vegetable
Rafaelia,Lobster
Ced,Lobster
Sid,Chicken
Venita,Mushroom
Markos,Soup
Corine,Lobster
Hurleigh,Lobster
Madeline,Vegetable
Lisle,Lobster
Rudyard,Mushroom
Conny,Soup
Trixie,Mushroom
Jacklyn,Lobster
Cybil,Mushroom
Juieta,Beef
Gabi,Pasta
Gardner,Mushroom
Chanda,Beef
Immanuel,Mushroom
Erinna,Soup
Bernetta,Vegetable
Shurlock,Beef
Louise,Vegetable
Pansy,Beef
Mitchael,Soup
Paco,Vegetable
Hanson,Mushroom
Sibley,Chicken
Robbyn,Beef
Marena,Pasta
Karyn,Beef
Randi,Mushroom
Midge,Beef
Kirsten,Lobster
Flin,Soup
Myles,Pasta
Lilias,Mushroom
Klarrisa,Mushroom
Theodoric,Lobster
Adeline,Beef
Roseline,Chicken
Brenda,Chicken
Maisey,Soup
Barron,Mushroom
Rozina,Vegetable
Elnora,Pasta
Talbot,Vegetable
Cathryn,Mushroom
Dora,Mushroom
Callean,Pasta
Caritta,Soup
Gilligan,Mushroom
Arly,Mushroom
Emelen,Beef
Shelby,Mushroom
Murdock,Lobster
Miles,Mushroom
Marylou,Mushroom
Christi,Pasta
Pietro,Soup
Laetitia,Beef
Dennison,Soup
Fernande,Lobster
Evaleen,Mushroom
Alfreda,Vegetable
Berne,Mushroom
Laryssa,Chicken
Carolyn,Beef
Farrell,Beef
Hans,Mushroom
Inessa,Soup
Padraic,Lobster
Karole,Mushroom
Shelba,Lobster
Stern,Lobster
Laryssa,Mushroom
Obed,Lobster
Nora,Soup
Donnamarie,Mushroom
Sherwood,Mushroom
Catherine,Soup
Eduino,Soup
Dian,Mushroom
Saudra,Beef
Sibyl,Soup
Tandy,Lobster
Ursa,Vegetable
Florida,Pasta
Leesa,Vegetable
Chalmers,Pasta
Fannie,Pasta
Judith,Vegetable
Terri,Pasta
Aurthur,Soup
Guenna,Beef
Miguela,Mushroom
Shelley,Mushroom
Dimitry,Mushroom
Garek,Soup
Freddie,Mushroom
Gloriane,Soup
Lisle,Beef
Nicol,Beef
Chandler,Soup
Elnar,Soup
Ernesto,Mushroom
Merrilee,Beef
Aileen,Soup
Darby,Pasta
Sherrie,Mushroom
Katee,Soup
Samson,Beef
Rachelle,Beef
Adair,Lobster
Sylvester,Mushroom
Janella,Beef
Joyann,Soup
Malinde,Beef
Alice,Mushroom
Mallissa,Beef
Deny,Pasta
Thaine,Soup
Sibyl,Lobster
Ray,Lobster
Marleen,Chicken
Brigida,Beef
Greta,Mushroom
Buddy,Mushroom
Ursala,Soup
Matthiew,Soup
Kirsten,Soup
Augustine,Mushroom
Isabelita,Soup
Corny,Beef
Monroe,Chicken
Scarface,Beef
Sigrid,Lobster
Euell,Mushroom
Brendis,Pasta
Sandy,Chicken
Libbey,Chicken
Hilton,Mushroom
Wait,Soup
Peta,Mushroom
Callean,Lobster
Rick,Lobster
Regen,Chicken
Bendite,Beef
Gaspard,Mushroom
Madelina,Chicken
Lindon,Vegetable
Leonhard,Mushroom
Katey,Soup
Sherie,Vegetable
Veronika,Lobster
Iggy,Lobster
Wendall,Pasta
Tisha,Mushroom
Pollyanna,Lobster
Annnora,Lobster
Isabelle,Chicken
Dudley,Lobster
Hayes,Chicken
Trip,Soup
Linoel,Mushroom
Jdavie,Mushroom
Rochella,Beef
Hymie,Mushroom
Jessy,Pasta
Conway,Lobster
Stephan,Mushroom
Eachelle,Beef
Hadrian,Beef
Torrance,Vegetable
Jethro,Lobster
Saleem,Chicken
Nettle,Beef
Leonanie,Lobster
Kris,Beef
Jemmie,Mushroom
Vinni,Lobster
Vally,Chicken
Oralie,Beef
Reinaldo,Lobster
Oliver,Chicken
Sutherlan,Vegetable
Dagny,Lobster
Drusilla,Beef
Jerrylee,Mushroom
Heloise,Beef
Leeland,Lobster
Gan,Chicken
Pen,Lobster
April,Vegetable
Karlik,Beef
Ulric,Vegetable
Cybill,Mushroom
Arther,Mushroom
Benedetta,Beef
Marcelo,Vegetable
Colver,Pasta
Loraine,Chicken
Yevette,Chicken
Candida,Vegetable
Nell,Pasta
Cally,Chicken
Ruby,Beef
Lukas,Mushroom
Leticia,Lobster
Horton,Vegetable
Hervey,Mushroom
Bathsheba,Lobster
Clara,Vegetable
Merralee,Lobster
Elianore,Soup
Wrennie,Lobster
Filide,Lobster
Hy,Lobster
Mandy,Lobster
Chlo,Mushroom
Penn,Pasta
Belva,Mushroom
Sargent,Lobster
Darby,Mushroom
Mersey,Pasta
Quintana,Beef
Theodosia,Soup
Mervin,Mushroom
Ban,Lobster
Fletch,Beef
Ellette,Mushroom
Karla,Soup
Peta,Soup
Lizbeth,Pasta
Robbin,Lobster
Tades,Vegetable
Ezra,Vegetable
Gretel,Soup
Goldia,Lobster
Margaretha,Vegetable
Eldridge,Beef
Sammie,Pasta
Ellene,Beef
Zabrina,Chicken
Brady,Chicken
Myrna,Beef
Dame,Chicken
Jenifer,Lobster
Hilarius,Soup
Jesselyn,Vegetable
Patsy,Pasta
Giselbert,Beef
Wildon,Soup
Goddart,Beef
Aubree,Soup
Corrine,Pasta
Marietta,Mushroom
Alfy,Mushroom
Saundra,Lobster
Ty,Chicken
Salvidor,Mushroom
Johnette,Mushroom
Aloise,Beef
Philomena,Lobster
Ursula,Pasta
Abbott,Mushroom
Berty,Chicken
Korie,Vegetable
Siana,Mushroom
Toby,Chicken
Freddy,Beef
Kin,Beef
Ingelbert,Mushroom
Faina,Pasta
Pauli,Beef
Luke,Pasta
Wynne,Mushroom
Christen,Beef
Hildegaard,Soup
Brooks,Chicken
Kristoffer,Lobster
Enrico,Pasta
Anjela,Lobster
Leupold,Pasta
Aldus,Vegetable
Brigitta,Soup
Walliw,Chicken
Forester,Soup
Hinze,Soup
Roxy,Beef
Ethan,Lobster
Terrell,Mushroom
Brion,Lobster
Ulrike,Vegetable
Grayce,Lobster
Sherm,Pasta
Vonny,Vegetable
Aleksandr,Pasta
Andrew,Lobster
Elsey,Pasta
Elbertine,Lobster
Calv,Mushroom
Michel,Beef
Florina,Soup
Sarita,Mushroom
Darin,Mushroom
Eugenia,Chicken
Jozef,Beef
Bobbie,Beef
Nick,Pasta
Cassi,Soup
Sher,Soup
Bale,Vegetable
Ethan,Mushroom
Gilly,Vegetable
Fransisco,Soup
De witt,Mushroom
Bernice,Beef
Flossi,Chicken
Luciano,Lobster
Naoma,Mushroom
Luisa,Beef
Oberon,Soup
Sly,Beef
Sheila,Chicken
Fax,Soup
Chris,Mushroom
Tomasine,Mushroom
Verne,Soup
Janean,Lobster
Brit,Pasta
Sarajane,Soup
Cami,Vegetable
Myriam,Mushroom
Thebault,Mushroom
Lonni,Vegetable
Salvatore,Chicken
Konstance,Beef
Liane,Beef
Marylin,Soup
Nicolette,Lobster
Thornie,Soup
Dorine,Mushroom
Minda,Mushroom
Angelique,Soup
Maegan,Mushroom
Chryste,Soup
Bess,Lobster
Tonya,Beef
Glynnis,Lobster
Millie,Pasta
Binni,Beef
Asia,Chicken
Marje,Vegetable
Micheline,Mushroom
Clotilda,Mushroom
Pippy,Soup
Lexis,Mushroom
Huntley,Soup
Jeremiah,Vegetable
Kalila,Soup
Sallie,Chicken
Lenna,Beef
Marshall,Pasta
Rosanne,Beef
Tybalt,Soup
Ramsey,Chicken
Clive,Beef
Betta,Vegetable
Jana,Mushroom
Bale,Mushroom
Emmeline,Pasta
Marena,Mushroom
Peter,Chicken
Evita,Vegetable
Crawford,Pasta
Skipper,Chicken
Marisa,Mushroom
Aguie,Beef
Jorey,Beef
Giralda,Soup
Evelina,Mushroom
Glendon,Lobster
Lezlie,Soup
Hanan,Lobster
Brandon,Pasta
Ninnette,Vegetable
Constancia,Mushroom
Bald,Mushroom
Traver,Mushroom
Pace,Mushroom
Van,Lobster
Fern,Chicken
Georgia,Mushroom
Desiri,Mushroom
Carmine,Lobster
Nerita,Chicken
Armand,Vegetable
Jorey,Mushroom
Ron,Chicken
Linoel,Lobster
Vannie,Chicken
Sioux,Mushroom
Gerald,Soup
Adelice,Soup
Cordell,Vegetable
Randee,Pasta
Nadine,Soup
Haleigh,Mushroom
Doll,Mushroom
Eldon,Vegetable
Graeme,Pasta
Bord,Beef
Caren,Beef
Amalie,Mushroom
Gaston,Mushroom
Verene,Lobster
Anjanette,Chicken
Nils,Mushroom
Dyann,Pasta
Gerianne,Pasta
Shawn,Vegetable
Niki,Pasta
Lenard,Mushroom
Rutherford,Vegetable
Lois,Soup
Fionnula,Vegetable
Therese,Beef
Hildagard,Mushroom
Sallie,Mushroom
Heath,Mushroom
Zorana,Chicken
Ag,Pasta
Tait,Mushroom
Pembroke,Vegetable
Chen,Mushroom
Natale,Beef
Merrielle,Lobster
Jourdain,Vegetable
Brendis,Soup
Ignacio,Vegetable
Shaughn,Mushroom
Braden,Mushroom
Eustace,Mushroom
Lorianna,Vegetable
Horst,Pasta
Conan,Mushroom
Morissa,Mushroom
Maitilde,Soup
Nichol,Mushroom
Karleen,Chicken
Shermy,Vegetable
Roddie,Pasta
Tasha,Beef
Doy,Chicken
Kristofer,Beef
Bar,Soup
Marji,Vegetable
Heath,Mushroom
Ashien,Vegetable
Manya,Soup
Clemmy,Beef
Devondra,Chicken
Emili,Chicken
Glen,Pasta
Crichton,Mushroom
Tomasina,Soup
Arabelle,Beef
Tobey,Soup
Gwendolin,Beef
Farrand,Beef
Yanaton,Beef
Sherwynd,Chicken
Rozele,Lobster
Allyson,Soup
Gary,Pasta
Robby,Lobster
Gertrud,Mushroom
Waldemar,Mushroom
Garnet,Beef
Gizela,Pasta
Aldrich,Pasta
Constancy,Beef
Felita,Soup
Marie,Vegetable
Brandy,Soup
Fredrika,Lobster
Riccardo,Vegetable
Lola,Mushroom
Jackson,Beef
Berenice,Chicken
Job,Lobster
Tremayne,Mushroom
Carroll,Pasta
Dorelle,Chicken
Janey,Soup
Josee,Beef
Dani,Mushroom
Elka,Lobster
Nehemiah,Mushroom
Betteanne,Vegetable
Petr,Mushroom
Nevsa,Mushroom
Daile,Lobster
Maddy,Lobster
Radcliffe,Chicken
Willie,Vegetable
Lawry,Lobster
Dannie,Soup
Ingeberg,Chicken
Niall,Soup
Jori,Mushroom
Lauri,Mushroom
Lizbeth,Pasta
Neron,Soup
Darby,Pasta
Morena,Mushroom
Erik,Soup
Trisha,Vegetable
Alverta,Mushroom
Kaine,Pasta
Bunny,Mushroom
Julienne,Vegetable
Duke,Soup
Gladi,Mushroom
Giuseppe,Mushroom
Carmen,Chicken
Weidar,Lobster
Killy,Mushroom
Letitia,Vegetable
Lura,Chicken
Corney,Mushroom
Indira,Chicken
Jeddy,Chicken
Christoffer,Mushroom
Nanine,Chicken
Nicolina,Chicken
Ellen,Vegetable
Les,Mushroom
Ursa,Chicken
Annissa,Pasta
Margeaux,Chicken
Alexina,Beef
Caron,Pasta
Prue,Beef
Anselma,Mushroom
Vernon,Soup
Kim,Pasta
Hannis,Vegetable
Robbi,Chicken
Feodora,Chicken
Cobb,Soup
Consalve,Vegetable
Willetta,Soup
Diann,Mushroom
Kiley,Pasta
Georgetta,Mushroom
Joshua,Mushroom
Bendick,Mushroom
Gladi,Beef
Kath,Soup
Luca,Lobster
Nye,Beef
Kaiser,Pasta
Michel,Soup
Orv,Chicken
Lu,Pasta
Sascha,Pasta
Tadd,Pasta
Orion,Beef
Shoshanna,Soup
Rosaline,Mushroom
Brinna,Mushroom
Gretel,Soup
Elianore,Chicken
Redd,Mushroom
Bethena,Beef
Jodie,Lobster
Bettina,Lobster
Ferris,Beef
Avery,Vegetable
Elyn,Vegetable
Jilly,Soup
Candie,Pasta
Bernete,Beef
Pauline,Lobster
Stefanie,Beef
Marge,Soup
Sibbie,Beef
Raimondo,Vegetable
Ruddie,Pasta
Aline,Mushroom
Cammy,Vegetable
Iver,Chicken
Rosana,Mushroom
Rikki,Soup
Tessie,Soup
Jenilee,Vegetable
Barnabas,Mushroom
Tito,Mushroom
Leonora,Mushroom
Noach,Vegetable
Bevvy,Soup
Zorana,Beef
Hy,Chicken
Virginie,Pasta
Shelden,Mushroom
Janeta,Pasta
Gigi,Mushroom
Arabella,Mushroom
Chad,Chicken
Lauryn,Vegetable
Ronalda,Beef
Glynda,Beef
Billy,Chicken
Deina,Mushroom
Albrecht,Pasta
Osmond,Beef
Currey,Mushroom
Vivia,Chicken
Piggy,Mushroom
Hale,Soup
Henrik,Soup
Godiva,Beef
Gianni,Chicken
Clementina,Beef
Marijo,Soup
Haily,Vegetable
Gunther,Mushroom
Keefer,Vegetable
Joyce,Soup
Megan,Beef
Alphard,Vegetable
Dru,Chicken
Olivie,Mushroom
Cinderella,Mushroom
Karola,Mushroom
Margret,Mushroom
Lucas,Vegetable
Mildred,Mushroom
Nalani,Pasta
Emory,Lobster
Fannie,Beef
Nomi,Vegetable
Sigfried,Lobster
Orsa,Mushroom
Gelya,Mushroom
Trixi,Mushroom
Idaline,Vegetable
Alvina,Beef
Vin,Mushroom
Michail,Beef
Kiley,Mushroom
Ora,Beef
Marla,Chicken
Sancho,Vegetable
Kennie,Pasta
Tadio,Chicken
Hephzibah,Chicken
Willie,Vegetable
Blanch,Mushroom
Hayley,Soup
Malynda,Mushroom
Donn,Beef
Bethany,Vegetable
Milo,Mushroom
Fancy,Vegetable
Chet,Mushroom
Corene,Mushroom
Inge,Chicken
Osbourn,Beef
Nikola,Pasta
Leena,Mushroom
Karia,Vegetable
Sebastien,Pasta
Veronika,Lobster
Amabel,Lobster
Royal,Vegetable
Marquita,Mushroom
Gretel,Mushroom
Estella,Mushroom
Freida,Pasta
Zed,Soup
Rosalia,Mushroom
Bradley,Soup
Reade,Beef
Torrance,Mushroom
Amery,Soup
Rozina,Pasta
Reggie,Pasta
Pavia,Vegetable
Mary,Lobster
Ranee,Beef
Barthel,Beef
Rey,Chicken
Vernor,Lobster
Adan,Pasta
Claudia,Mushroom
Nelle,Lobster
Bail,Chicken
Chad,Chicken
Elvyn,Vegetable
Lanie,Lobster
Leta,Soup
Gabriel,Mushroom
Kile,Chicken
Legra,Pasta
Vernice,Vegetable
Daniele,Mushroom
Alasteir,Vegetable
Rand,Mushroom
Dean,Soup
Jonie,Chicken
Aloysius,Mushroom
Janine,Soup
Grier,Lobster
Rod,Pasta
Glynnis,Lobster
Ker,Soup
Thia,Beef
Shaylynn,Mushroom
Monti,Lobster
Katinka,Soup
Dal,Beef
Benedikt,Pasta
Lela,Beef
Clive,Pasta
Xerxes,Beef
Aurilia,Pasta
Pierce,Soup
Trish,Soup
Ginelle,Chicken
Issy,Lobster
Carlen,Pasta
Ced,Lobster
Sid,Beef
Venita,Soup
Markos,Vegetable
Corine,Mushroom
Hurleigh,Lobster
Madeline,Chicken
Lisle,Pasta
Rudyard,Mushroom
Conny,Chicken
Trixie,Lobster
Jacklyn,Mushroom
Cybil,Vegetable
Juieta,Beef
Gabi,Vegetable
Gardner,Soup
Chanda,Beef
Immanuel,Beef
Bernetta,Lobster
Shurlock,Soup
Louise,Lobster
Pansy,Soup
Mitchael,Pasta
Paco,Vegetable
Hanson,Mushroom
Sibley,Pasta
Robbyn,Beef
Marena,Mushroom
Karyn,Pasta
Randi,Vegetable
Midge,Vegetable
Kirsten,Vegetable
Flin,Soup
Lilias,Soup
Klarrisa,Lobster
Theodoric,Mushroom
Adeline,Mushroom
Roseline,Beef
Brenda,Lobster
Maisey,Mushroom
Barron,Chicken
Rozina,Mushroom
Elnora,Soup
Talbot,Lobster
Cathryn,Chicken
Dora,Mushroom
Callean,Pasta
Caritta,Pasta
Gilligan,Beef
Arly,Mushroom
Emelen,Chicken
Shelby,Pasta
Murdock,Beef
Miles,Beef
Marylou,Pasta
Christi,Chicken
Pietro,Beef
Laetitia,Mushroom
Dennison,Vegetable
Fernande,Lobster
Alfreda,Chicken
Berne,Lobster
Laryssa,Chicken
Carolyn,Soup
Farrell,Soup
Hans,Pasta
Inessa,Lobster
Padraic,Lobster
Karole,Lobster
Shelba,Soup
Stern,Soup
Laryssa,Chicken
Obed,Mushroom
Nora,Chicken
Donnamarie,Chicken
Catherine,Mushroom
Eduino,Chicken
Dian,Soup
Saudra,Mushroom
Sibyl,Lobster
Tandy,Mushroom
Ursa,Pasta
Florida,Lobster
Leesa,Chicken
Chalmers,Mushroom
Fannie,Lobster
Judith,Vegetable
Terri,Mushroom
Aurthur,Lobster
Guenna,Pasta
Miguela,Soup
Shelley,Mushroom
Garek,Lobster
Freddie,Lobster
Gloriane,Vegetable
Lisle,Lobster
Nicol,Mushroom
Chandler,Beef
Elnar,Pasta
Ernesto,Chicken
Merrilee,Lobster
Aileen,Pasta
Darby,Beef
Sherrie,Mushroom
Katee,Pasta
Samson,Beef
Rachelle,Soup
Adair,Pasta
Sylvester,Mushroom
Janella,Lobster
Joyann,Pasta
Malinde,Vegetable
Alice,Lobster
Mallissa,Vegetable
Deny,Vegetable
Sibyl,Vegetable
Ray,Mushroom
Marleen,Beef
Brigida,Pasta
Greta,Mushroom
Buddy,Pasta
Ursala,Lobster
Matthiew,Pasta
Kirsten,Chicken
Augustine,Mushroom
Isabelita,Mushroom
Corny,Vegetable
Monroe,Soup
Scarface,Lobster
Sigrid,Pasta
Euell,Soup
Brendis,Beef
Sandy,Mushroom
Libbey,Pasta
Hilton,Mushroom
Wait,Beef
Peta,Beef
Callean,Soup
Rick,Chicken
Regen,Soup
Gaspard,Mushroom
Madelina,Lobster
Lindon,Vegetable
Leonhard,Mushroom
Katey,Mushroom
Sherie,Pasta
Veronika,Mushroom
Iggy,Vegetable
Wendall,Soup
Tisha,Lobster
Pollyanna,Pasta
Annnora,Vegetable
Dudley,Chicken
Hayes,Mushroom
Trip,Soup
Linoel,Mushroom
Jdavie,Chicken
Rochella,Lobster
Hymie,Lobster
Jessy,Pasta
Conway,Chicken
Stephan,Mushroom
Eachelle,Vegetable
Hadrian,Soup
Torrance,Pasta
Jethro,Chicken
Saleem,Soup
Nettle,Soup
Leonanie,Mushroom
Kris,Vegetable
Jemmie,Vegetable
Nikolaos,Vegetable
Vinni,Chicken
Vally,Vegetable
Oralie,Vegetable
Reinaldo,Pasta
Oliver,Vegetable
Sutherlan,Beef
Dagny,Lobster
Drusilla,Soup
Jerrylee,Mushroom
Heloise,Soup
Leeland,Soup
Gan,Soup
Pen,Mushroom
April,Soup
Karlik,Beef
Ulric,Soup
Tuck,Pasta
Cybill,Beef
Arther,Lobster
Benedetta,Vegetable
Marcelo,Pasta
Colver,Pasta
Loraine,Beef
Yevette,Mushroom
Candida,Mushroom
Nell,Lobster
Cally,Vegetable
Ruby,Mushroom
Lukas,Chicken
Leticia,Vegetable
Horton,Chicken
Hervey,Chicken
Bathsheba,Soup
Mandie,Beef
Clara,Beef
Merralee,Soup
Elianore,Beef
Wrennie,Chicken
Filide,Pasta
Hy,Chicken
Mandy,Pasta
Chlo,Soup
Penn,Lobster
Belva,Soup
Sargent,Vegetable
Darby,Lobster
Mersey,Soup
Quintana,Vegetable
Ximenes,Mushroom
Theodosia,Mushroom
Mervin,Beef
Ban,Soup
Fletch,Mushroom
Ellette,Vegetable
Karla,Pasta
Peta,Soup
Lizbeth,Pasta
Robbin,Vegetable
Tades,Pasta
Ezra,Soup
Gretel,Pasta
Goldia,Mushroom
Cyndie,Soup
Margaretha,Pasta
Eldridge,Soup
Sammie,Vegetable
Ellene,Lobster
Zabrina,Pasta
Brady,Vegetable
Myrna,Lobster
Dame,Chicken
Jenifer,Pasta
Hilarius,Vegetable
Jesselyn,Vegetable
Patsy,Chicken
Giselbert,Lobster
Wildon,Soup
Goddart,Soup
Aubree,Vegetable
Corrine,Soup
Marietta,Mushroom
Mady,Pasta
Alfy,Mushroom
Saundra,Beef
Ty,Pasta
Salvidor,Beef
Johnette,Vegetable
Aloise,Beef
Philomena,Lobster
Ursula,Mushroom
Abbott,Lobster
Berty,Mushroom
Korie,Lobster
Siana,Lobster
Toby,Pasta
Cyndia,Soup
Freddy,Pasta
Kin,Vegetable
Ingelbert,Mushroom
Faina,Mushroom
Pauli,Vegetable
Luke,Beef
Wynne,Lobster
Christen,Pasta
Hildegaard,Soup
Brooks,Beef
Kristoffer,Pasta
Enrico,Mushroom
Anjela,Chicken
Leupold,Chicken
Aldus,Pasta
Brigitta,Mushroom
Walliw,Mushroom
Forester,Mushroom
Hinze,Lobster
Roxy,Chicken
Marlow,Lobster
Ethan,Beef
Terrell,Chicken
Brion,Soup
Ulrike,Beef
Grayce,Beef
Sherm,Beef
Vonny,Mushroom
Aleksandr,Chicken
Andrew,Mushroom
Elsey,Lobster
Elbertine,Vegetable
Calv,Lobster
Denny,Beef
Michel,Mushroom
Florina,Lobster
Sarita,Chicken
Darin,Mushroom
Eugenia,Lobster
Jozef,Soup
Bobbie,Lobster
Nick,Soup
Cassi,Beef
Sher,Mushroom
Bale,Beef
Ethan,Chicken
Gilly,Vegetable
Fransisco,Soup
De witt,Chicken
Bernice,Mushroom
Flossi,Lobster
Luciano,Mushroom
Naoma,Pasta
Luisa,Lobster
Oberon,Beef
Sly,Soup
Sheila,Beef
Fax,Pasta
Chris,Lobster
Tomasine,Soup
Verne,Mushroom
Janean,Vegetable
Filberte,Mushroom
Brit,Lobster
Sarajane,Beef
Cami,Lobster
Myriam,Pasta
Thebault,Beef
Lonni,Pasta
Salvatore,Mushroom
Konstance,Mushroom
Liane,Pasta
Marylin,Vegetable
Nicolette,Mushroom
Thornie,Mushroom
Dugald,Mushroom
Dorine,Mushroom
Minda,Beef
Angelique,Lobster
Maegan,Beef
Chryste,Beef
Bess,Lobster
Tonya,Mushroom
Glynnis,Mushroom
Millie,Soup
Binni,Mushroom
Asia,Mushroom
Marje,Pasta
Micheline,Mushroom
Clotilda,Pasta
Pippy,Pasta
Lexis,Soup
Huntley,Beef
Jeremiah,Mushroom
Kalila,Mushroom
Sallie,Pasta
Lenna,Soup
Marshall,Vegetable
Rosanne,Pasta
Tybalt,Vegetable
Louie,Beef
Ramsey,Beef
Clive,Vegetable
Betta,Mushroom
Jana,Chicken
Bale,Pasta
Emmeline,Pasta
Marena,Pasta
Peter,Vegetable
Evita,Pasta
Crawford,Vegetable
Skipper,Pasta
Marisa,Chicken
Aguie,Beef
Jorey,Mushroom
Giralda,Mushroom
Evelina,Chicken
Glendon,Pasta
Lezlie,Soup
Hanan,Chicken
Brandon,Mushroom
Ninnette,Vegetable
Constancia,Soup
Bald,Mushroom
Traver,Vegetable
Pace,Beef
Van,Beef
Fern,Pasta
Georgia,Soup
Desiri,Beef
Carmine,Lobster
Nerita,Pasta
Armand,Soup
Jorey,Soup
Ron,Vegetable
Linoel,Pasta
Vannie,Chicken
Sioux,Vegetable
Gerald,Mushroom
Adelice,Pasta
Harwilll,Soup
Cordell,Chicken
Randee,Pasta
Nadine,Mushroom
Haleigh,Soup
Doll,Mushroom
Eldon,Pasta
Graeme,Chicken
Bord,Pasta
Caren,Beef
Amalie,Mushroom
Gaston,Mushroom
Verene,Soup
Anjanette,Mushroom
Nils,Lobster
Dyann,Mushroom
Gerianne,Lobster
Shawn,Pasta
Niki,Pasta
Lenard,Mushroom
Rutherford,Pasta
Lois,Chicken
Fionnula,Pasta
Therese,Lobster
Hildagard,Pasta
Sallie,Mushroom
Heath,Beef
Zorana,Lobster
Ag,Lobster
Tait,Beef
Pembroke,Vegetable
Chen,Vegetable
Natale,Mushroom
Merrielle,Mushroom
Jourdain,Mushroom
Brendis,Pasta
Ignacio,Chicken
Shaughn,Beef
Braden,Vegetable
Eustace,Pasta
Lorianna,Soup
Horst,Mushroom
Conan,Beef
Morissa,Mushroom
Maitilde,Beef
Nichol,Soup
Karleen,Mushroom
Shermy,Mushroom
Roddie,Pasta
Tasha,Lobster
Doy,Mushroom
Kristofer,Lobster
Bar,Soup
Marji,Mushroom
Heath,Lobster
Ashien,Lobster
Manya,Vegetable
Clemmy,Pasta
Devondra,Mushroom
Emili,Beef
Glen,Mushroom
Crichton,Beef
Tomasina,Mushroom
Patten,Chicken
Arabelle,Vegetable
Tobey,Mushroom
Gwendolin,Beef
Farrand,Lobster
Yanaton,Mushroom
Sherwynd,Beef
Rozele,Pasta
Allyson,Mushroom
Gary,Mushroom
Robby,Mushroom
Gertrud,Chicken
Waldemar,Vegetable
Garnet,Chicken
Gizela,Mushroom
Aldrich,Vegetable
Constancy,Mushroom
Felita,Soup
Marie,Mushroom
Brandy,Chicken
Fredrika,Chicken
Riccardo,Vegetable
Lola,Vegetable
Jackson,Beef
Berenice,Pasta
Job,Soup
Tremayne,Mushroom
Carroll,Beef
Dorelle,Pasta
Janey,Mushroom
Josee,Pasta
Dani,Mushroom
Elka,Soup
Nehemiah,Mushroom
Betteanne,Pasta
Petr,Mushroom
Nevsa,Pasta
Daile,Vegetable
Maddy,Chicken
Radcliffe,Beef
Willie,Mushroom
Lawry,Soup
Dannie,Vegetable
Ingeberg,Chicken
Niall,Soup
Jori,Beef
Lauri,Mushroom
Lizbeth,Mushroom
Neron,Vegetable
Darby,Soup
Morena,Lobster
Erik,Soup
Gennie,Pasta
Trisha,Pasta
Alverta,Beef
Kaine,Mushroom
Bunny,Chicken
Julienne,Mushroom
Duke,Vegetable
Gladi,Pasta
Giuseppe,Lobster
Carmen,Pasta
Weidar,Chicken
Killy,Chicken
Letitia,Mushroom
Lura,Pasta
Corney,Mushroom
Indira,Mushroom
Jeddy,Soup
Christoffer,Lobster
Nanine,Soup
Nicolina,Mushroom
Ellen,Chicken
Les,Lobster
Ursa,Vegetable
Annissa,Chicken
Margeaux,Pasta
Alexina,Mushroom
Caron,Chicken
Prue,Mushroom
Anselma,Mushroom
Vernon,Mushroom
Kim,Vegetable
Hannis,Lobster
Robbi,Mushroom
Feodora,Vegetable
Cobb,Chicken
Consalve,Mushroom
Willetta,Soup
Diann,Mushroom
Kiley,Mushroom
Georgetta,Lobster
Joshua,Mushroom
Bendick,Pasta
Gladi,Pasta
Kath,Beef
Luca,Vegetable
Nye,Lobster
Kaiser,Beef
Michel,Lobster
Orv,Vegetable
Lu,Chicken
Sascha,Soup
Opaline,Pasta
Tadd,Lobster
Orion,Soup
Shoshanna,Pasta
Rosaline,Beef
Brinna,Pasta
Gretel,Mushroom
Elianore,Beef
Redd,Chicken
Bethena,Soup
Jodie,Mushroom
Bettina,Chicken
Ferris,Pasta
Avery,Soup
Elyn,Pasta
Jilly,Soup
Candie,Beef
Bernete,Beef
Shannan,Beef
Pauline,Mushroom
Stefanie,Vegetable
Marge,Beef
Sibbie,Beef
Raimondo,Soup
Ruddie,Mushroom
Aline,Lobster
Cammy,Soup
Iver,Pasta
Rosana,Mushroom
Rikki,Pasta
Tessie,Chicken
Jenilee,Vegetable
Barnabas,Pasta
Tito,Mushroom
Shaine,Soup
Leonora,Soup
Noach,Mushroom
Bevvy,Lobster
Zorana,Beef
Hy,Mushroom
Virginie,Lobster
Shelden,Chicken
Janeta,Pasta
Gigi,Mushroom
Arabella,Chicken
Chad,Mushroom
Lauryn,Vegetable
Ronalda,Beef
Glynda,Beef
Carlin,Vegetable
Billy,Mushroom
Deina,Mushroom
Albrecht,Pasta
Osmond,Lobster
Currey,Pasta
Vivia,Mushroom
Piggy,Chicken
Hale,Mushroom
Henrik,Vegetable
Godiva,Mushroom
Gianni,Lobster
Clementina,Vegetable
Robinson,Pasta
Marijo,Chicken
Haily,Beef
Gunther,Beef
Keefer,Soup
Joyce,Soup
Megan,Pasta
Alphard,Beef
Dru,Beef
Olivie,Vegetable
Cinderella,Vegetable
Karola,Pasta
Margret,Pasta
Lucas,Soup
Mildred,Beef
Johanna,Beef
Nalani,Soup
Emory,Soup
Fannie,Pasta
Nomi,Mushroom
Sigfried,Mushroom
Orsa,Pasta
Gelya,Pasta
Trixi,Mushroom
Idaline,Mushroom
Chick,Vegetable
Alvina,Soup
Vin,Soup
Michail,Pasta
Kiley,Chicken
Ora,Beef
Marla,Chicken
Sancho,Mushroom
Kennie,Lobster
Tadio,Pasta
Hephzibah,Beef
Willie,Mushroom
Blanch,Pasta
Hayley,Soup
Malynda,Beef
Donn,Soup
Bethany,Lobster
Milo,Beef
Fancy,Chicken
Chet,Pasta
Corene,Soup
Inge,Pasta
Osbourn,Soup
Nikola,Lobster
Leena,Mushroom
Karia,Mushroom
Sebastien,Soup
Veronika,Chicken
Amabel,Beef
Royal,Chicken
Marquita,Beef
Gretel,Lobster
Estella,Lobster
Freida,Mushroom
Zed,Soup
Rickie,Vegetable
Rosalia,Beef
Bradley,Chicken
Reade,Mushroom
Torrance,Vegetable
Amery,Lobster
Rozina,Pasta
Reggie,Vegetable
Pavia,Mushroom
Mary,Pasta
Ranee,Beef
Barthel,Lobster
Rey,Pasta
Vernor,Mushroom
Adan,Chicken
Claudia,Soup
Nelle,Chicken
Bail,Beef
Chad,Soup
Elvyn,Vegetable
Lanie,Pasta
Leta,Soup
Gabriel,Beef
Kile,Chicken
Legra,Mushroom
Isaak,Lobster
Vernice,Mushroom
Daniele,Chicken
Alasteir,Beef
Rand,Soup
Dean,Chicken
Jonie,Vegetable
Aloysius,Chicken
,Lobster
Janine,Mushroom
Grier,Mushroom
Rod,Pasta
Glynnis,Beef
Ker,Pasta
Thia,Vegetable
Shaylynn,Beef
Monti,Lobster
Katinka,Chicken
Jordain,Beef
Dal,Vegetable
Benedikt,Mushroom
Lela,Pasta
Clive,Lobster
Xerxes,Mushroom
Aurilia,Beef
Pierce,Soup
Trish,Pasta
Ginelle,Mushroom
Issy,Chicken
Carlen,Beef
Rafaelia,Lobster
Ced,Mushroom
Sid,Vegetable
Venita,Mushroom
Markos,Mushroom
Corine,Mushroom
Hurleigh,Mushroom
Madeline,Mushroom
Lisle,Mushroom
Rudyard,Beef
Conny,Mushroom
Trixie,Pasta
Jacklyn,Mushroom
Cybil,Soup
Juieta,Mushroom
Gabi,Mushroom
Gardner,Mushroom
Chanda,Vegetable
Immanuel,Beef
Erinna,Beef
Bernetta,Mushroom
Shurlock,Vegetable
Louise,Mushroom
Pansy,Beef
Mitchael,Mushroom
Paco,Lobster
Hanson,Beef
Sibley,Lobster
Robbyn,Beef
Marena,Beef
Karyn,Beef
Randi,Mushroom
Midge,Mushroom
Kirsten,Lobster
Flin,Mushroom
Myles,Mushroom
Lilias,Mushroom
Klarrisa,Beef
Theodoric,Beef
Adeline,Mushroom
Roseline,Pasta
Brenda,Beef
Maisey,Beef
Barron,Mushroom
Rozina,Pasta
Elnora,Beef
Talbot,Vegetable
Cathryn,Mushroom
Dora,Mushroom
Callean,Lobster
Caritta,Mushroom
Gilligan,Pasta
Arly,Beef
Emelen,Mushroom
Shelby,Beef
Murdock,Lobster
Miles,Soup
Marylou,Mushroom
Christi,Beef
Pietro,Pasta
Laetitia,Vegetable
Dennison,Lobster
Fernande,Pasta
Evaleen,Vegetable
Alfreda,Chicken
Berne,Mushroom
Laryssa,Beef
Carolyn,Soup
Farrell,Pasta
Hans,Pasta
Inessa,Vegetable
Padraic,Soup
Karole,Lobster
Shelba,Soup
Stern,Chicken
Laryssa,Pasta
Obed,Pasta
Nora,Soup
Donnamarie,Mushroom
Sherwood,Beef
Catherine,Beef
Eduino,Mushroom
Dian,Mushroom
Saudra,Mushroom
Sibyl,Beef
Tandy,Mushroom
Ursa,Soup
Florida,Lobster
Leesa,Pasta
Chalmers,Mushroom
Fannie,Lobster
Judith,Beef
Terri,Lobster
Aurthur,Lobster
Guenna,Soup
Miguela,Lobster
Shelley,Soup
Dimitry,Mushroom
Garek,Vegetable
Freddie,Chicken
Gloriane,Pasta
Lisle,Beef
Nicol,Chicken
Chandler,Mushroom
Elnar,Pasta
Ernesto,Pasta
Merrilee,Pasta
Aileen,Soup
Darby,Chicken
Sherrie,Lobster
Katee,Mushroom
Samson,Beef
Rachelle,Vegetable
Adair,Pasta
Sylvester,Beef
Janella,Mushroom
Joyann,Beef
Malinde,Mushroom
Alice,Soup
Mallissa,Beef
Deny,Lobster
Thaine,Lobster
Sibyl,Beef
Ray,Beef
Marleen,Mushroom
Brigida,Soup
Greta,Pasta
Buddy,Chicken
Ursala,Pasta
Matthiew,Beef
Kirsten,Lobster
Augustine,Soup
Isabelita,Lobster
Corny,Vegetable
Monroe,Vegetable
Scarface,Mushroom
Sigrid,Soup
Euell,Soup
Brendis,Chicken
Sandy,Soup
Libbey,Beef
Hilton,Mushroom
Wait,Mushroom
Peta,Mushroom
Callean,Beef
Rick,Mushroom
Regen,Soup
Bendite,Chicken
Gaspard,Beef
Madelina,Beef
Lindon,Vegetable
Leonhard,Lobster
Katey,Mushroom
Sherie,Chicken
Veronika,Soup
Iggy,Chicken
Wendall,Chicken
Tisha,Soup
Pollyanna,Pasta
Annnora,Lobster
Isabelle,Mushroom
Dudley,Soup
Hayes,Lobster
Trip,Mushroom
Linoel,Beef
Jdavie,Mushroom
Rochella,Mushroom
Hymie,Mushroom
Jessy,Pasta
Conway,Mushroom
Stephan,Chicken
Eachelle,Soup
Hadrian,Lobster
Torrance,Mushroom
Jethro,Vegetable
Saleem,Mushroom
Nettle,Pasta
Leonanie,Chicken
Kris,Lobster
Jemmie,Mushroom
Vinni,Lobster
Vally,Mushroom
Oralie,Vegetable
Reinaldo,Vegetable
Oliver,Vegetable
Sutherlan,Mushroom
Dagny,Beef
Drusilla,Pasta
Jerrylee,Chicken
Heloise,Soup
Leeland,Chicken
Gan,Vegetable
Pen,Pasta
April,Soup
Karlik,Lobster
Ulric,Mushroom
Cybill,Beef
Arther,Beef
Benedetta,Vegetable
Marcelo,Soup
Colver,Lobster
Loraine,Pasta
Yevette,Soup
Candida,Beef
Nell,Chicken
Cally,Pasta
Ruby,Mushroom
Lukas,Pasta
Leticia,Mushroom
Horton,Lobster
Hervey,Vegetable
Bathsheba,Soup
Clara,Mushroom
Merralee,Mushroom
Elianore,Lobster
Wrennie,Soup
Filide,Mushroom
Hy,Vegetable
Mandy,Mushroom
Chlo,Soup
Penn,Mushroom
Belva,Mushroom
Sargent,Chicken
Darby,Pasta
Mersey,Lobster
Quintana,Vegetable
Theodosia,Mushroom
Mervin,Mushroom
Ban,Chicken
Fletch,Pasta
Ellette,Lobster
Karla,Lobster
Peta,Mushroom
Lizbeth,Chicken
Robbin,Mushroom
Tades,Chicken
Ezra,Soup
Gretel,Mushroom
Goldia,Chicken
Margaretha,Vegetable
Eldridge,Pasta
Sammie,Beef
Ellene,Vegetable
Zabrina,Pasta
Brady,Mushroom
Myrna,Vegetable
Dame,Vegetable
Jenifer,Pasta
Hilarius,Lobster
Jesselyn,Chicken
Patsy,Lobster
Giselbert,Vegetable
Wildon,Lobster
Goddart,Chicken
Aubree,Vegetable
Corrine,Beef
Marietta,Soup
Alfy,Soup
Saundra,Pasta
Ty,Pasta
Salvidor,Lobster
Johnette,Soup
Aloise,Mushroom
Philomena,Mushroom
Ursula,Pasta
Abbott,Mushroom
Berty,Soup
Korie,Vegetable
Siana,Mushroom
Toby,Mushroom
Freddy,Pasta
Kin,Soup
Ingelbert,Mushroom
Faina,Pasta
Pauli,Soup
Luke,Vegetable
Wynne,Beef
Christen,Vegetable
Hildegaard,Chicken
Brooks,Chicken
Kristoffer,Soup
Enrico,Pasta
Anjela,Beef
Leupold,Mushroom
Aldus,Lobster
Brigitta,Mushroom
Walliw,Mushroom
Forester,Vegetable
Hinze,Mushroom
Roxy,Lobster
Ethan,Vegetable
Terrell,Mushroom
Brion,Soup
Ulrike,Chicken
Grayce,Beef
Sherm,Lobster
Vonny,Lobster
Aleksandr,Soup
Andrew,Mushroom
Elsey,Pasta
Elbertine,Mushroom
Calv,Chicken
Michel,Vegetable
Florina,Vegetable
Sarita,Chicken
Darin,Mushroom
Eugenia,Lobster
Jozef,Chicken
Bobbie,Mushroom
Nick,Soup
Cassi,Lobster
Sher,Soup
Bale,Mushroom
Ethan,Mushroom
Gilly,Chicken
Fransisco,Beef
De witt,Mushroom
Bernice,Chicken
Flossi,Vegetable
Luciano,Mushroom
Naoma,Mushroom
Luisa,Lobster
Oberon,Lobster
Sly,Chicken
Sheila,Mushroom
Fax,Vegetable
Chris,Soup
Tomasine,Chicken
Verne,Lobster
Janean,Vegetable
Brit,Mushroom
Sarajane,Beef
Cami,Mushroom
Myriam,Mushroom
Thebault,Chicken
Lonni,Pasta
Salvatore,Vegetable
Konstance,Mushroom
Liane,Soup
Marylin,Beef
Nicolette,Soup
Thornie,Vegetable
Dorine,Chicken
Minda,Mushroom
Angelique,Mushroom
Maegan,Lobster
Chryste,Chicken
Bess,Chicken
Tonya,Beef
Glynnis,Vegetable
Millie,Lobster
Binni,Soup
Asia,Pasta
Marje,Mushroom
Micheline,Pasta
Clotilda,Chicken
Pippy,Soup
Lexis,Pasta
Huntley,Mushroom
Jeremiah,Chicken
Kalila,Mushroom
Sallie,Lobster
Lenna,Soup
Marshall,Mushroom
Rosanne,Beef
Tybalt,Beef
Ramsey,Chicken
Clive,Mushroom
Betta,Soup
Jana,Pasta
Bale,Lobster
Emmeline,Lobster
Marena,Soup
Peter,Pasta
Evita,Mushroom
Crawford,Chicken
Skipper,Lobster
Marisa,Soup
Aguie,Chicken
Jorey,Mushroom
Giralda,Mushroom
Evelina,Chicken
Glendon,Soup
Lezlie,Beef
Hanan,Vegetable
Brandon,Vegetable
Ninnette,Chicken
Constancia,Vegetable
Bald,Vegetable
Traver,Beef
Pace,Pasta
Van,Beef
Fern,Mushroom
Georgia,Mushroom
Desiri,Chicken
Carmine,Soup
Nerita,Pasta
Armand,Mushroom
Jorey,Soup
Ron,Pasta
Linoel,Soup
Vannie,Vegetable
Sioux,Soup
Gerald,Vegetable
Adelice,Soup
Cordell,Lobster
Randee,Vegetable
Nadine,Lobster
Haleigh,Lobster
Doll,Vegetable
Eldon,Vegetable
Graeme,Chicken
Bord,Beef
Caren,Chicken
Amalie,Pasta
Gaston,Chicken
Verene,Mushroom
Anjanette,Chicken
Nils,Pasta
Dyann,Mushroom
Gerianne,Mushroom
Shawn,Chicken
Niki,Soup
Lenard,Vegetable
Rutherford,Mushroom
Lois,Mushroom
Fionnula,Mushroom
Therese,Mushroom
Hildagard,Pasta
Sallie,Lobster
Heath,Vegetable
Zorana,Mushroom
Ag,Vegetable
Tait,Beef
Pembroke,Chicken
Chen,Pasta
Natale,Beef
Merrielle,Beef
Jourdain,Mushroom
Brendis,Soup
Ignacio,Vegetable
Shaughn,Chicken
Braden,Beef
Eustace,Lobster
Lorianna,Beef
Horst,Mushroom
Conan,Vegetable
Morissa,Mushroom
Maitilde,Pasta
Nichol,Chicken
Karleen,Mushroom
Shermy,Mushroom
Roddie,Beef
Tasha,Pasta
Doy,Mushroom
Kristofer,Soup
Bar,Lobster
Marji,Chicken
Heath,Mushroom
Ashien,Beef
Manya,Soup
Clemmy,Beef
Devondra,Mushroom
Emili,Vegetable
Glen,Mushroom
Crichton,Lobster
Tomasina,Chicken
Arabelle,Soup
Tobey,Lobster
Gwendolin,Pasta
Farrand,Mushroom
Yanaton,Pasta
Sherwynd,Lobster
Rozele,Pasta
Allyson,Pasta
Gary,Mushroom
Robby,Soup
Gertrud,Mushroom
Waldemar,Mushroom
Garnet,Mushroom
Gizela,Beef
Aldrich,Pasta
Constancy,Soup
Felita,Pasta
Marie,Vegetable
Brandy,Mushroom
Fredrika,Soup
Riccardo,Mushroom
Lola,Pasta
Jackson,Soup
Berenice,Vegetable
Job,Pasta
Tremayne,Chicken
Carroll,Mushroom
Dorelle,Chicken
Janey,Vegetable
Josee,Mushroom
Dani,Soup
Elka,Mushroom
Nehemiah,Pasta
Betteanne,Mushroom
Petr,Lobster
Nevsa,Chicken
Daile,Pasta
Maddy,Soup
Radcliffe,Mushroom
Willie,Chicken
Lawry,Mushroom
Dannie,Vegetable
Ingeberg,Lobster
Niall,Soup
Jori,Chicken
Lauri,Vegetable
Lizbeth,Chicken
Neron,Vegetable
Darby,Chicken
Morena,Lobster
Erik,Pasta
Trisha,Mushroom
Alverta,Beef
Kaine,Vegetable
Bunny,Lobster
Julienne,Pasta
Duke,Mushroom
Gladi,Soup
Giuseppe,Beef
Carmen,Mushroom
Weidar,Mushroom
Killy,Beef
Letitia,Mushroom
Lura,Pasta
Corney,Beef
Indira,Beef
Jeddy,Lobster
Christoffer,Beef
Nanine,Soup
Nicolina,Mushroom
Ellen,Chicken
Les,Mushroom
Ursa,Beef
Annissa,Soup
Margeaux,Pasta
Alexina,Vegetable
Caron,Chicken
Prue,Lobster
Anselma,Vegetable
Vernon,Beef
Kim,Chicken
Hannis,Pasta
Robbi,Mushroom
Feodora,Lobster
Cobb,Lobster
Consalve,Soup
Willetta,Mushroom
Diann,Beef
Kiley,Vegetable
Georgetta,Chicken
Joshua,Beef
Bendick,Lobster
Gladi,Soup
Kath,Pasta
Luca,Mushroom
Nye,Beef
Kaiser,Soup
Michel,Chicken
Orv,Lobster
Lu,Pasta
Sascha,Vegetable
Tadd,Vegetable
Orion,Vegetable
Shoshanna,Vegetable
Rosaline,Mushroom
Brinna,Lobster
Gretel,Mushroom
Elianore,Lobster
Redd,Lobster
Bethena,Chicken
Jodie,Mushroom
Bettina,Vegetable
Ferris,Mushroom
Avery,Chicken
Elyn,Soup
Jilly,Beef
Candie,Chicken
Bernete,Mushroom
Pauline,Beef
Stefanie,Lobster
Marge,Mushroom
Sibbie,Lobster
Raimondo,Beef
Ruddie,Mushroom
Aline,Pasta
Cammy,Mushroom
Iver,Lobster
Rosana,Beef
Rikki,Pasta
Tessie,Mushroom
Jenilee,Beef
Barnabas,Lobster
Tito,Beef
Leonora,Mushroom
Noach,Beef
Bevvy,Lobster
Zorana,Pasta
Hy,Chicken
Virginie,Pasta
Shelden,Beef
Janeta,Beef
Gigi,Beef
Arabella,Beef
Chad,Beef
Lauryn,Chicken
Ronalda,Mushroom
Glynda,Beef
Billy,Chicken
Deina,Pasta
Albrecht,Lobster
Osmond,Lobster
Currey,Mushroom
Vivia,Pasta
Piggy,Mushroom
Hale,Mushroom
Henrik,Mushroom
Godiva,Mushroom
Gianni,Beef
Clementina,Vegetable
Marijo,Mushroom
Haily,Beef
Gunther,Beef
Keefer,Mushroom
Joyce,Beef
Megan,Mushroom
Alphard,Mushroom
Dru,Lobster
Olivie,Mushroom
Cinderella,Vegetable
Karola,Pasta
Margret,Vegetable
Lucas,Beef
Mildred,Mushroom
Nalani,Pasta
Emory,Pasta
Fannie,Chicken
Nomi,Mushroom
Sigfried,Vegetable
Orsa,Vegetable
Gelya,Mushroom
Trixi,Vegetable
Idaline,Soup
Alvina,Lobster
Vin,Lobster
Michail,Soup
Kiley,Mushroom
Ora,Vegetable
Marla,Lobster
Sancho,Soup
Kennie,Soup
Tadio,Pasta
Hephzibah,Lobster
Willie,Vegetable
Blanch,Beef
Hayley,Mushroom
Malynda,Beef
Donn,Pasta
Bethany,Chicken
Milo,Pasta
Fancy,Beef
Chet,Soup
Corene,Pasta
Inge,Beef
Osbourn,Lobster
Nikola,Chicken
Leena,Soup
Karia,Mushroom
Sebastien,Lobster
Veronika,Pasta
Amabel,Lobster
Royal,Pasta
Marquita,Soup
Gretel,Soup
Estella,Mushroom
Freida,Pasta
Zed,Vegetable
Rosalia,Vegetable
Bradley,Lobster
Reade,Vegetable
Torrance,Soup
Amery,Chicken
Rozina,Lobster
Reggie,Soup
Pavia,Lobster
Mary,Chicken
Ranee,Mushroom
Barthel,Lobster
Rey,Mushroom
Vernor,Mushroom
Adan,Mushroom
Claudia,Mushroom
Nelle,Soup
Bail,Beef
Chad,Soup
Elvyn,Mushroom
Lanie,Mushroom
Leta,Beef
Gabriel,Soup
Kile,Vegetable
Legra,Vegetable
Vernice,Mushroom
Daniele,Mushroom
Alasteir,Vegetable
Rand,Pasta
Dean,Lobster
Jonie,Mushroom
Aloysius,Beef
Janine,Pasta
Grier,Mushroom
Rod,Mushroom
Glynnis,Beef
Ker,Beef
Thia,Mushroom
Shaylynn,Mushroom
Monti,Vegetable
Katinka,Beef
Dal,Lobster
Benedikt,Beef
Lela,Pasta
Clive,Beef
Xerxes,Soup
Aurilia,Chicken
Pierce,Mushroom
Trish,Vegetable
Ginelle,Pasta
Issy,Mushroom
Carlen,Chicken
Ced,Mushroom
Sid,Chicken
Venita,Chicken
Markos,Beef
Corine,Chicken
Hurleigh,Pasta
Madeline,Mushroom
Lisle,Vegetable
Rudyard,Vegetable
Conny,Chicken
Trixie,Mushroom
Jacklyn,Mushroom
Cybil,Soup
Juieta,Soup
Gabi,Mushroom
Gardner,Soup
Chanda,Mushroom
Immanuel,Soup
Bernetta,Beef
Shurlock,Mushroom
Louise,Chicken
Pansy,Lobster
Mitchael,Soup
Paco,Beef
Hanson,Chicken
Sibley,Chicken
Robbyn,Pasta
Marena,Chicken
Karyn,Pasta
Randi,Pasta
Midge,Beef
Kirsten,Beef
Flin,Mushroom
Lilias,Vegetable
Klarrisa,Lobster
Theodoric,Vegetable
Adeline,Mushroom
Roseline,Pasta
Brenda,Mushroom
Maisey,Soup
Barron,Mushroom
Rozina,Mushroom
Elnora,Lobster
Talbot,Soup
Cathryn,Mushroom
Dora,Chicken
Callean,Lobster
Caritta,Chicken
Gilligan,Mushroom
Arly,Lobster
Emelen,Mushroom
Shelby,Beef
Murdock,Mushroom
Miles,Lobster
Marylou,Pasta
Christi,Mushroom
Pietro,Soup
Laetitia,Mushroom
Dennison,Lobster
Fernande,Lobster
Alfreda,Mushroom
Berne,Beef
Laryssa,Chicken
Carolyn,Mushroom
Farrell,Vegetable
Hans,Mushroom
Inessa,Beef
Padraic,Mushroom
Karole,Soup
Shelba,Lobster
Stern,Mushroom
Laryssa,Vegetable
Obed,Soup
Nora,Mushroom
Donnamarie,Lobster
Catherine,Mushroom
Eduino,Lobster
Dian,Chicken
Saudra,Chicken
Sibyl,Beef
Tandy,Mushroom
Ursa,Vegetable
Florida,Mushroom
Leesa,Beef
Chalmers,Mushroom
Fannie,Mushroom
Judith,Chicken
Terri,Lobster
Aurthur,Mushroom
Guenna,Lobster
Miguela,Chicken
Shelley,Chicken
Garek,Mushroom
Freddie,Soup
Gloriane,Beef
Lisle,Soup
Nicol,Soup
Chandler,Mushroom
Elnar,Pasta
Ernesto,Beef
Merrilee,Pasta
Aileen,Mushroom
Darby,Vegetable
Sherrie,Beef
Katee,Lobster
Samson,Mushroom
Rachelle,Vegetable
Adair,Chicken
Sylvester,Mushroom
Janella,Beef
Joyann,Mushroom
Malinde,Mushroom
Alice,Mushroom
Mallissa,Mushroom
Deny,Vegetable
Sibyl,Lobster
Ray,Pasta
Marleen,Pasta
Brigida,Chicken
Greta,Lobster
Buddy,Soup
Ursala,Mushroom
Matthiew,Pasta
Kirsten,Pasta
Augustine,Beef
Isabelita,Pasta
Corny,Chicken
Monroe,Pasta
Scarface,Soup
Sigrid,Vegetable
Euell,Pasta
Brendis,Pasta
Sandy,Pasta
Libbey,Mushroom
Hilton,Mushroom
Wait,Mushroom
Peta,Beef
Callean,Mushroom
Rick,Vegetable
Regen,Pasta
Gaspard,Mushroom
Madelina,Lobster
Lindon,Mushroom
Leonhard,Beef
Katey,Chicken
Sherie,Soup
Veronika,Mushroom
Iggy,Lobster
Wendall,Mushroom
Tisha,Chicken
Pollyanna,Pasta
Annnora,Mushroom
Dudley,Pasta
Hayes,Beef
Trip,Mushroom
